{
	"pages": [ //pages数组中第一项表示应用启动页，参考：https://uniapp.dcloud.io/collocation/pages
		{
			"path": "pages/index/index",
			"style": {
				"navigationBarTitleText": "首页",
				"navigationBarBackgroundColor":"#f44e6b",
				"navigationBarTextStyle":"white"
			}
		},
		{
			"path": "pages/cate/cate",
			"style": {
				"navigationBarBackgroundColor":"#f44e6b",
				"navigationBarTitleText": "分类",
				"navigationBarTextStyle":"white"
			}
		},
		{
			"path": "pages/car/car",
			"style": {
				"navigationBarTitleText": "购物车",
				"navigationBarBackgroundColor":"#f44e6b",
				"navigationBarTextStyle":"white"
			}
		},
		{
			"path": "pages/me/me",
			"style": {
				"navigationBarTitleText": "我的",
				"navigationBarBackgroundColor":"#f44e6b",
				"navigationBarTextStyle":"white"
			}
		}
	    ,{
            "path" : "pages/product/product",
            "style" : {
				"navigationBarTitleText": "商品详情",
				"navigationBarBackgroundColor":"#f44e6b",
				"navigationBarTextStyle":"white",
				"app-plus": {
					"titleNView": {
						"type": "transparent"
					}
				}
			}
        }
        ,{
            "path" : "pages/cate/catelist",
            "style" : {
				"navigationBarTitleText": "分类列表",
				"navigationBarBackgroundColor":"#f44e6b",
				"navigationBarTextStyle":"white",
				"app-plus": {
					"titleNView": {
						"type": "transparent"
					}
				}
			}
        }
    ],
	"globalStyle": {
		"navigationBarTextStyle": "black",
		"navigationBarTitleText": "uni-app",
		"navigationBarBackgroundColor": "#F8F8F8",
		"backgroundColor": "#F8F8F8"
	},
	"tabBar":{
		"color":"#bfbfbf",
		"selectedColor":"#f44e6b",
		"backgroundColor":"#FFF",
		"list":[
			{
				"iconPath":"static/icon/tabbar/index_def.png",
				"selectedIconPath":"static/icon/tabbar/index_sel.png",
				"text":"首页",
				"pagePath":"pages/index/index"
			},
			{
				"iconPath":"static/icon/tabbar/cate_def.png",
				"selectedIconPath":"static/icon/tabbar/cate_sel.png",
				"text":"分类",
				"pagePath":"pages/cate/cate"
			},
			{
				"iconPath":"static/icon/tabbar/car_def.png",
				"selectedIconPath":"static/icon/tabbar/car_sel.png",
				"text":"购物车",
				"pagePath":"pages/car/car"
			},
			{
				"iconPath":"static/icon/tabbar/me_def.png",
				"selectedIconPath":"static/icon/tabbar/me_sel.png",
				"text":"我的",
				"pagePath":"pages/me/me"
			}
		]
	}
}
